Keyword,Intent,Volume,Keyword Difficulty,CPC (USD),SERP Features
bmi,"Informational, Commercial",110000,28,0.05,"Image, Related searches, Ads top"
bmi räknare,Commercial,40500,18,0.08,"Image, Related searches, Ads top"
räkna ut bmi,Informational,27100,17,0.09,"Image, Related searches, Ads bottom"
bmi kalkylator,"Informational, Commercial",14800,22,0.10,"Image, Related searches, Ads top, Ads bottom"
bmi kvinna,"Informational, Commercial",8100,19,0.11,"Image, Image pack, Video, Related searches"
bmi räkna,Commercial,8100,17,0.10,"Image, Related searches, Ads top"
räkna bmi,"Informational, Commercial",8100,17,0.10,"Image, Related searches"
bmi barn,Informational,5400,20,0.87,"AI Overview, Image, Image pack, Related searches"
bmi beräkning,"Informational, Commercial",5400,17,0.08,"Sitelinks, Image, Related searches, Ads bottom"
bmi uträkning,"Informational, Commercial",4400,16,0.10,"Image, Related searches"
bmi räkna ut,"Informational, Commercial",3600,13,0.09,"Image, Image pack, Related searches, Ads bottom"
bmi man,Informational,2900,16,0.10,"AI Overview, Image, Related searches, Ads bottom"
bmi kvinna ålder,Informational,2400,13,0.28,"AI Overview, Image, Image pack, Related searches"
bmi räknare kvinna ålder,Informational,2400,13,0.27,"AI Overview, Image, Related searches"
hur räknar man ut bmi,Informational,1900,15,0.09,"AI Overview, Image, Related searches"
räkna ut bmi kvinna,"Informational, Commercial",1900,21,0.15,"Image, People also ask, Related searches, Ads top, Ads bottom"
bmi kalkulator,"Informational, Commercial",1600,22,0.10,"Image, Related searches"
bmi räknare kvinna,"Informational, Commercial",1300,17,0.09,"Image, Video, People also ask, Related searches, Ads bottom"
bmi äldre man,Informational,880,21,0.18,"AI Overview, Image, Image pack, Related searches"
iso bmi,Informational,880,19,0.00,"AI Overview, Image, Image pack, Knowledge panel, Related searches"
bmi aleris,"Navigational, Transactional",720,19,0.00,"Image, Image pack, Video, Related searches, Ads top"
bmi skala,Informational,720,22,0.13,"AI Overview, Image, Image pack, People also ask, Related searches"
bmi äldre kvinna,Informational,720,23,0.17,"AI Overview, Image, Image pack, People also ask, Related searches"
räkna bmi kvinna,"Informational, Commercial",720,14,0.15,"Image, Related searches, Ads bottom"
räkna ut bmi man,Informational,720,15,0.07,"AI Overview, Image, Video, People also ask, Related searches"
räkna ut bmi män,"Informational, Commercial",720,12,0.07,"Sitelinks, AI Overview, Image, Video, People also ask, Related searches, Ads top, Ads bottom"
bmi calculator svenska,"Informational, Commercial",590,19,0.11,Related searches
bmi kvinna räkna ut,"Informational, Commercial",590,13,0.15,"Image, Image pack, Related searches, Ads bottom"
bmi räknare 1177,Informational,590,29,0.25,"Image, Image pack, Related searches"
bmi viktväktarna,Informational,590,18,0.95,Related searches
bmi vuxen,"Informational, Commercial",590,25,0.10,"Image, People also ask, Related searches, Ads top, Ads bottom"
normal bmi,Informational,590,29,0.16,"AI Overview, Image, Image pack, People also ask, Related searches"
normalt bmi,Informational,590,16,0.16,"Sitelinks, AI Overview, Image, Image pack, Related searches"
vad är bmi,Informational,590,15,0.18,"AI Overview, Image, People also ask, Related searches"
viktväktarna bmi,Informational,590,26,1.10,"People also ask, Related searches, Ads bottom"
barn bmi,Informational,480,14,0.00,"Sitelinks, Image, Image pack, Related searches"
bmi räknare man,Informational,480,13,0.11,"Image, Image pack, Related searches"
bmi tabell,Informational,480,18,0.09,"Sitelinks, AI Overview, Image, Image pack, Related searches"
bmi övervikt,Informational,480,23,0.35,"AI Overview, Image, Image pack, Video, People also ask, Related searches, Ads bottom"
børne bmi,Informational,480,22,0.00,"Image, Video, People also ask, Related searches"
hur räkna ut bmi,Informational,480,17,0.07,"AI Overview, Image, Video, People also ask, Related searches"
mitt bmi,"Informational, Commercial",480,18,0.09,"Image, Video, Related searches"
räkna ut bmi barn,Informational,480,9,0.00,"Image, People also ask, Related searches"
räkna ut ditt bmi,"Informational, Commercial",480,9,0.09,"Sitelinks, Image, Video, Related searches, Ads bottom"
محاسبه bmi,"Informational, Commercial",480,23,0.00,"Sitelinks, AI Overview, Image, Video"
aleris bmi,"Navigational, Transactional",390,23,0.78,"Image, Video, People also ask, Related searches"
bmi 30,Informational,390,27,0.35,"AI Overview, Image, Image pack, People also ask, Related searches, Ads bottom"
bmi fetma,Informational,390,15,0.43,"Sitelinks, AI Overview, Image, Image pack, People also ask, Related searches, Ads top"
bmi formel,Informational,390,27,0.13,"AI Overview, Image, Image pack, People also ask, Related searches"
bmi gränser,Informational,390,22,0.29,"AI Overview, Image, Image pack, People also ask, Related searches"
bmi män ålder,"Informational, Commercial",390,19,0.11,"Sitelinks, Image, Image pack, People also ask, Related searches, Ads top, Ads bottom"
bmi mätare,"Informational, Commercial",390,22,0.08,"Image, People also ask, Related searches, Ads bottom"
bmi räknare barn,Informational,390,10,0.00,"Image, People also ask, Related searches"
bmi värde,"Informational, Commercial",390,11,0.06,"Image, Image pack, People also ask, Related searches"
fetma bmi,Informational,390,26,0.43,"AI Overview, Image, Image pack, Video, People also ask, Related searches, Ads bottom"
hur räknar man bmi,Informational,390,18,0.06,"AI Overview, Image, People also ask, Related searches"
obesitas bmi,Informational,390,20,0.44,"AI Overview, Image, Image pack, Related searches"
vad är mitt bmi,Informational,390,13,0.09,"Image, Image pack, People also ask, Related searches, Ads bottom"
övervikt bmi,Informational,390,23,0.40,"AI Overview, Image, Video, People also ask, Related searches, Ads middle"
bmi kalkylator kvinnor,"Informational, Commercial",320,11,0.10,"Sitelinks, Image, Image pack, Video, People also ask, Related searches, Ads bottom"
bmi normalt kvinna,Informational,320,13,0.14,"Sitelinks, AI Overview, Image, Image pack, People also ask, Related searches"
bmi tabell kvinna,Informational,320,23,0.11,"Featured snippet, Image, Image pack, People also ask, Related searches, Ads bottom, Ads middle"
mäta bmi,"Informational, Commercial",320,16,0.07,"Image, People also ask, Related searches, Ads bottom"
normalt bmi kvinna,Informational,320,19,0.14,"Sitelinks, AI Overview, Image, Image pack, Video, People also ask, Related searches, Ads bottom"
anorexia bmi,Informational,260,28,0.00,"Featured snippet, People also ask"
anorexia nervosa bmi,Informational,260,26,0.00,"Featured snippet, People also ask"
bmi monier,"Informational, Transactional",260,25,0.27,"Sitelinks, Video, People also ask, Knowledge panel"
bmi uträkning kvinna,"Informational, Commercial",260,15,0.10,"Image, People also ask"
bmi vikt,"Informational, Commercial",260,11,0.12,"Image, Image pack, Related searches"
extrem fetma bmi,"Informational, Commercial",260,14,3.14,"AI Overview, Image, Image pack, Video, People also ask, Related searches, Ads bottom"
kolla bmi,"Informational, Commercial",260,16,0.11,"Image, People also ask, Related searches, Ads bottom"
vad är normalt bmi,Informational,260,10,0.17,"Sitelinks, AI Overview, Image, Image pack, Related searches"
bmi 20,Informational,210,25,0.00,"Sitelinks, AI Overview, Image, Image pack, Video, People also ask, Related searches"
bmi anorexi,"Informational, Commercial",210,13,0.00,
bmi undervikt,Informational,210,13,0.27,"Sitelinks, AI Overview, Image, Image pack, People also ask, Related searches"
räkna bmi man,"Informational, Commercial",210,15,0.11,"Image, Video, People also ask"
bmi 15,Informational,170,18,0.00,"Image pack, People also ask"
bmi 22,Informational,170,23,0.00,"AI Overview, Image pack, People also ask, Related searches"
bmi 27,Informational,170,19,0.27,"AI Overview, Image, Image pack, People also ask, Related searches"
bmi 40,Informational,170,23,0.33,"AI Overview, Image, Image pack, People also ask, Related searches"
bmi barn 1177,Informational,170,28,0.00,"Image, Image pack, People also ask, Related searches"
bmi barn räknare,Informational,170,11,0.00,"Image, People also ask, Related searches"
bmi man räkna ut,Informational,170,13,0.06,"Featured snippet, Image, Image pack, People also ask, Related searches"
bmi räknare ålder,"Informational, Commercial",170,11,0.18,"Image, Image pack, People also ask, Related searches, Ads bottom"
bmi sverige ab,"Navigational, Commercial",170,25,0.00,"Sitelinks, Video, Local pack, Related searches"
bmi ungdom,Informational,170,20,0.00,"Image, People also ask, Related searches"
hur beräknas bmi,Informational,170,10,0.08,"AI Overview, Image, Image pack, People also ask, Related searches, Ads bottom"
hur man räknar ut sitt bmi,Informational,170,17,0.08,"AI Overview, Image, People also ask, Related searches, Ads bottom"
hur räknar man ut sitt bmi,Informational,170,13,0.08,"AI Overview, Image, People also ask, Related searches"
räkna ut mitt bmi,"Informational, Commercial",170,9,0.12,"Image, Video, Related searches, Ads top, Ads bottom"
beräkna bmi äldre,Informational,140,8,0.25,"AI Overview, Image, Image pack, People also ask, Related searches, Ads bottom"
bmi 14,Informational,140,26,0.00,"Featured snippet, Image pack, People also ask"
bmi 21,Informational,140,30,0.00,"Sitelinks, AI Overview, Image, Image pack, Related searches"
bmi 23,Informational,140,14,0.17,"AI Overview, Image pack, People also ask, Related searches"
bmi 26,Informational,140,26,0.55,"Featured snippet, Image, Image pack, People also ask, Related searches, Ads bottom"
bmi för äldre,Informational,140,21,0.00,"AI Overview, Image, People also ask, Related searches"
bmi gravid,Informational,140,14,0.00,"AI Overview, Image, Image pack, People also ask, Related searches"
bmi group,Navigational,140,24,0.00,"Sitelinks, Image pack, Video, People also ask, Knowledge panel, Related searches"
bmi internetmedicin,"Informational, Transactional",140,27,0.00,"Sitelinks, Related searches"
bmi kalk,"Informational, Commercial",140,20,0.11,"Image, Related searches, Ads bottom"
bmi midjemått,Informational,140,13,1.14,"AI Overview, Image, Image pack, Video, People also ask, Related searches"
bmi normalt,Informational,140,19,0.22,"Featured snippet, Sitelinks, Image, Image pack, People also ask, Related searches, Ads top"
bmi normalvikt,Informational,140,18,0.33,"Sitelinks, AI Overview, Image, Image pack, People also ask, Related searches"
bmi och midjemått,Informational,140,11,1.14,"AI Overview, Image, Image pack, Video, People also ask, Related searches, Ads bottom, Ads middle"
bmi skala kvinnor,"Informational, Commercial",140,13,0.22,"Image, Image pack, People also ask, Related searches, Ads bottom"
bmi äldre,Informational,140,14,0.00,"Image, Image pack, People also ask, Related searches"
bmi ålder,Informational,140,18,0.36,"AI Overview, Image, Image pack, People also ask, Related searches"
hur man mäter bmi,Informational,140,20,0.06,"Featured snippet, Image, Video, People also ask, Ads bottom"
hur mäter man bmi,Informational,140,13,0.06,"AI Overview, Image, Video, Related searches"
hur räkna bmi,Informational,140,16,0.08,"Sitelinks, AI Overview, Image, Image pack, Video, People also ask, Related searches"
hur räknar jag ut mitt bmi,Informational,140,16,0.09,"Sitelinks, AI Overview, Image, Image pack, Video, People also ask, Related searches"
iso bmi barn,Informational,140,9,0.00,"Image, Image pack, Related searches"
midjemått bmi,Informational,140,13,1.14,"AI Overview, Image, Image pack, Video, People also ask, Related searches"
räkna ut bmi kvinna ålder,"Informational, Commercial",140,7,0.09,"Image, People also ask, Related searches, Ads bottom"
vilket bmi ska man ha,Informational,140,12,0.13,"AI Overview, Image, Image pack, People also ask, Related searches"
bmi 25 kvinna,Informational,110,18,0.00,"AI Overview, Image pack, People also ask, Related searches"
bmi 32,Informational,110,26,0.67,"AI Overview, Image, Image pack, Related searches"
bmi calculator kvinna,"Informational, Commercial",110,21,0.15,"Image, Image pack, People also ask, Related searches, Ads bottom"
bmi for ivf,Informational,110,13,0.92,"AI Overview, Image, Image pack, Video, People also ask, Related searches"
bmi för barn,Informational,110,13,0.00,"Image, Image pack, People also ask, Related searches"
bmi icopal,"Informational, Transactional",110,16,0.23,"Sitelinks, Image pack, Video, Knowledge panel, Related searches, Ads bottom"
bmi kalkyl,"Informational, Commercial",110,16,0.07,"Sitelinks, Image, Related searches, Ads bottom"
bmi kalkylator barn,Informational,110,9,0.00,"Image, Related searches"
bmi tabell ålder,Informational,110,18,0.00,"Sitelinks, Image pack, People also ask, Related searches"
bra bmi,Informational,110,12,0.18,"Sitelinks, AI Overview, Image, Image pack, People also ask, Related searches"
iso bmi tabell,Informational,110,21,0.00,"Image, Image pack, People also ask, Related searches"
normalt bmi man,Informational,110,16,0.25,"Sitelinks, AI Overview, Image, Image pack, People also ask, Related searches"
nya bmi skalan,Informational,110,12,0.52,"AI Overview, Image, Image pack, People also ask, Related searches"
räkna bmi barn,Informational,110,12,0.00,"Image, Image pack, People also ask, Related searches"
vad betyder bmi,Informational,110,15,0.23,"AI Overview, Image, Related searches"
vad är bra bmi,Informational,110,11,0.16,"Sitelinks, AI Overview, Image, Image pack, People also ask, Related searches"
vad är ett bra bmi,Informational,110,17,0.14,"Sitelinks, AI Overview, Image, Image pack, People also ask, Related searches"
bmi barn tabell,Informational,90,13,0.00,"Image, Image pack, People also ask, Related searches"
bmi kalkylator män,"Informational, Commercial",90,18,0.11,"Image, People also ask, Related searches"
formel bmi,Informational,90,21,0.00,"AI Overview, Image, Image pack, Video, Related searches"
vad har jag för bmi,Informational,90,10,0.13,"Sitelinks, Image, People also ask, Related searches, Ads bottom"
vikt bmi,"Informational, Commercial",90,17,0.12,"Image, People also ask, Related searches"
beräkna bmi man,"Informational, Commercial",70,9,0.07,"AI Overview, Image, Image pack, People also ask, Related searches"
bmi 13,Informational,70,30,0.00,"AI Overview, Image pack, Related searches"
bmi barn räkna ut,Informational,70,12,0.00,"Image, Image pack, People also ask, Related searches"
bmi enhet,Informational,70,23,0.00,"Sitelinks, AI Overview, Image, Image pack, Video, Related searches"
bmi koll,"Informational, Commercial",70,8,0.11,"Image, Related searches, Ads bottom"
bmi svenska,"Informational, Commercial",70,23,0.08,"Image, Image pack, Video, People also ask, Related searches"
bmi tak,Navigational,70,20,0.00,"Sitelinks, Image, Image pack, Video, People also ask, Related searches, Ads top"
bmi över 30,Informational,70,16,0.80,"Sitelinks, AI Overview, Image, Image pack, Related searches"
child bmi calculator,"Informational, Commercial",70,27,0.00,"Sitelinks, Image pack, Related searches"
vad ska man ha för bmi,Informational,70,14,0.15,"AI Overview, Image, People also ask, Related searches"
bmi 27 kvinna,Informational,50,15,0.37,"Sitelinks, AI Overview, Image, Image pack, Related searches, Ads bottom"
bmi barn kurva,Informational,50,9,0.00,"Sitelinks, Image, Image pack, Related searches"
bmi calculator nhs,"Informational, Transactional",50,25,0.00,"People also ask, Related searches"
bmi calculator viktväktarna,Informational,50,14,1.26,"Image pack, Related searches"
bmi sweden,Navigational,50,20,3.01,"Sitelinks, Image, Image pack, Video, People also ask, Related searches"
bmi test kvinna,"Informational, Commercial",50,18,0.14,"Image, Image pack, People also ask, Related searches, Ads bottom"
hur räknar jag ut bmi,Informational,50,19,0.11,"Featured snippet, Image, People also ask, Related searches"
normal bmi män,Informational,50,13,0.25,"Sitelinks, AI Overview, Image, People also ask, Related searches"
räkna ut bmi man ålder,"Informational, Commercial",50,7,0.07,"Image, Related searches, Ads bottom"
vad ska bmi ligga på,Informational,50,8,0.19,"AI Overview, People also ask, Related searches, Ads bottom"
vad står bmi för,Informational,50,11,0.00,"AI Overview, Image, Video, Related searches"
bmi 24 man,Informational,40,19,0.00,"Sitelinks, AI Overview, Image, Image pack, People also ask, Related searches"
bmi bmi,"Informational, Commercial",40,18,0.00,"Sitelinks, Image, People also ask, Related searches"
bmi formel excel,"Informational, Transactional",40,14,0.00,"Sitelinks, AI Overview, Video, Video carousel, Short videos, People also ask"
bmi för kvinnor,Informational,40,13,0.17,"Sitelinks, AI Overview, Image, Image pack, Video, People also ask, Related searches"
bmi och fettprocent,Informational,40,23,0.00,"AI Overview, People also ask, Related searches"
bmi räknare aleris,"Informational, Transactional",40,24,0.00,"Image pack, People also ask, Related searches"
bra bmi för äldre,Informational,40,18,0.00,"Sitelinks, AI Overview, Image, Related searches"
hur räknas bmi ut,Informational,40,14,0.09,"AI Overview, Image, Video, People also ask, Related searches"
przelicznik bmi,"Informational, Commercial",40,18,0.00,"Sitelinks, Image, People also ask, Related searches"
räkna bmi vuxen,"Informational, Commercial",40,20,0.10,"Image, Video, People also ask, Related searches, Ads bottom"
räkna ut bmi vuxen,"Informational, Commercial",40,19,0.07,"AI Overview, Image, Video, People also ask, Related searches"
att räkna ut bmi,Informational,30,14,0.06,"AI Overview, Image, Video, People also ask, Related searches"
beräkna bmi internetmedicin,"Informational, Transactional",30,29,0.00,"Sitelinks, AI Overview, Image, Image pack, People also ask, Related searches"
bmi 12 år,Informational,30,14,0.00,"Image, Related searches"
bmi 16 år,Informational,30,16,0.00,"Image, Image pack, People also ask, Related searches"
bmi 166 cm,"Informational, Commercial",30,30,0.00,"Image, Image pack, People also ask, Related searches"
bmi 17 5,Informational,30,24,0.00,"AI Overview, Image pack, People also ask, Related searches"
bmi 19 5,"Informational, Commercial",30,18,0.00,"Sitelinks, AI Overview, Video, People also ask, Related searches"
bmi 19 8,Informational,30,18,0.00,"Featured snippet, People also ask, Related searches"
bmi 22 4,Informational,30,20,0.00,"AI Overview, Image pack, People also ask, Related searches"
bmi 23 7,Informational,30,30,0.00,"AI Overview, Image, Image pack, People also ask, Related searches"
bmi 23 9,Informational,30,15,0.00,"Sitelinks, AI Overview, Image, Image pack, People also ask, Related searches"
bmi 24 7,Informational,30,14,0.00,"Sitelinks, AI Overview, Image, Image pack, People also ask, Related searches"
bmi 28 1,Informational,30,18,0.00,"AI Overview, Image pack, People also ask, Related searches"
bmi 28 8,Informational,30,23,0.00,"AI Overview, Image pack, Video, Related searches"
bmi 37,Informational,30,27,0.00,"Sitelinks, AI Overview, Image, Image pack, People also ask, Related searches"
bmi aftonbladet,"Navigational, Transactional",30,26,0.34,"Image, Video, Related searches, Ads top, Ads middle"
bmi group sverige,Navigational,30,21,0.00,"Sitelinks, Video, Knowledge panel, Related searches, Ads top"
bmi hur räknar man ut det,Informational,30,11,0.00,"AI Overview, Image, Image pack, Related searches"
bmi kalkulator dokładny,"Informational, Commercial",30,30,0.00,"Sitelinks, Image, People also ask, Related searches"
bmi kalkulator mann,Commercial,30,17,0.00,"Sitelinks, Image, People also ask, Related searches, Ads top"
bmi kalkylator internetmedicin,Informational,30,26,0.00,"Sitelinks, AI Overview, Image pack, People also ask, Related searches"
bmi kalkylator ålder,"Informational, Commercial",30,10,0.20,Related searches
bmi kg,Informational,30,19,0.02,"Image, Image pack, Video, People also ask, Related searches"
bmi klassen,Informational,30,6,0.57,"AI Overview, Image, Image pack, Related searches"
bmi klassifikation,Informational,30,18,0.00,"AI Overview, Image pack, People also ask, Related searches"
bmi kollen,"Informational, Commercial",30,13,0.09,"Image, People also ask, Related searches, Ads bottom"
bmi kurva barn,Informational,30,16,0.00,"Sitelinks, Image, Image pack, Related searches"
bmi kvinna 60 år,Informational,30,10,0.15,"AI Overview, Image, Image pack, People also ask, Related searches"
bmi kvinna 65 år,Informational,30,23,0.00,"Featured snippet, Image, Image pack, People also ask, Ads bottom"
bmi kvinna 66 år,Informational,30,17,0.07,"AI Overview, Image, Image pack, People also ask, Related searches"
bmi kvinna tabell,Informational,30,14,0.21,"Sitelinks, AI Overview, Image, Image pack, Related searches"
bmi kvinna över 50 år,Informational,30,13,0.00,"Sitelinks, AI Overview, Image, Image pack, People also ask, Related searches"
bmi menstruation,"Informational, Commercial",30,28,0.00,"AI Overview, People also ask, Related searches"
bmi music license,Navigational,30,29,0.00,"Sitelinks, Video, People also ask, Related searches, Ads top, Ads bottom"
bmi mått,Informational,30,13,0.09,"AI Overview, Image, Image pack, Video, Related searches"
bmi normalvikt kvinna,"Informational, Commercial",30,17,0.21,"Sitelinks, Image, Image pack, Related searches"
bmi normalvärde,Informational,30,18,0.00,"AI Overview, Image, Image pack, Video, Related searches, Ads middle"
bmi normalvärden,Informational,30,12,0.00,"Sitelinks, AI Overview, Image, Image pack, Video, Related searches"
bmi pictures,Informational,30,27,0.00,"Sitelinks, Image, Image pack, Video, People also ask, Related searches"
bmi pro,Informational,30,24,0.00,"Sitelinks, Video, Related searches"
bmi på 15,Informational,30,19,0.00,"Featured snippet, Image, Image pack, People also ask, Related searches"
bmi på barn,Informational,30,11,0.00,"AI Overview, Image, Image pack, Related searches"
bmi regional,Informational,30,19,0.00,"Featured snippet, Image, Video, People also ask, Knowledge panel, Related searches"
bmi resultat,Informational,30,27,0.00,"AI Overview, Image, Image pack, People also ask, Related searches"
bmi roofing,Navigational,30,24,0.00,"Sitelinks, Image, Video, People also ask, Knowledge panel, Related searches"
bmi räkna barn,Informational,30,20,0.00,"Image, People also ask, Related searches"
bmi räkna ut barn,Informational,30,9,0.00,"Image, Related searches"
bmi räkna ut kvinna,"Informational, Commercial",30,9,0.16,"Sitelinks, Image, Video, People also ask, Related searches, Ads bottom"
bmi räknare muskler,"Informational, Commercial",30,10,0.00,"Image, Related searches"
bmi räknare ungdom,Informational,30,18,0.00,"Sitelinks, People also ask, Related searches"
bmi räknare äldre,"Informational, Commercial",30,12,0.00,"Image, People also ask, Related searches, Ads bottom"
bmi test för ungdom,Informational,30,17,0.00,"Sitelinks, Image, People also ask, Related searches, Ads bottom"
bmi test vuxen,"Informational, Commercial",30,13,0.00,"Image, People also ask, Related searches, Ads bottom"
bmi ålder kön,"Informational, Commercial",30,3,0.00,"Image pack, Related searches"
bmi över 35,Informational,30,21,1.00,"Featured snippet, Sitelinks, Image, People also ask, Related searches"
calcolo del bmi uomo,"Informational, Commercial",30,18,0.00,"Sitelinks, AI Overview, Image, Image pack, Video, People also ask, Related searches"
hur mäter man sin bmi,Informational,30,18,0.08,"AI Overview, Image, Video, People also ask, Related searches"
hur räknar du ut ditt bmi,Informational,30,12,0.00,"Sitelinks, AI Overview, Image, Related searches"
hur räknar man ut bmi för vuxna,Informational,30,11,0.13,"Sitelinks, AI Overview, Image, Video, Related searches"
kalkyl bmi,"Informational, Commercial",30,17,0.00,"Image, Video, People also ask, Related searches"
kollas med bmi,Informational,30,9,0.00,"AI Overview, Video, Related searches"
mät mitt bmi,"Informational, Commercial",30,18,0.22,"Image, Related searches, Ads bottom"
normalvikt bmi,Informational,30,13,0.33,"Sitelinks, AI Overview, Image, Image pack, Related searches"
räkna bmi formel,Informational,30,9,0.07,"AI Overview, Image, Video, Related searches"
udregn bmi,"Informational, Commercial",30,22,0.10,"Sitelinks, AI Overview, Image, Video, Related searches"
vad ska mitt bmi ligga på,Informational,30,9,0.08,"AI Overview, Image, People also ask, Related searches, Ads bottom"
vad är ett normalt bmi,Informational,30,11,0.12,"Sitelinks, AI Overview, Image, Related searches"
vad är min bmi,Informational,30,9,0.10,"AI Overview, Image, People also ask, Related searches"
